text,articleid,pos,date,year,source
"A medical staff member cares for a newborn at the neonatal care unit of a hospital in Lianyungang, East China's Jiangsu Province on January 1, 2024.",Global_2024_07-12,1,12-Jul-24,2024,Global
"China has established a childbearing and child-rearing supporting system, with a number of policies rolled out in localities across the country, including extending maternity leave to 158 days or longer, raising childbirth allowance and child-rearing subsidies, and providing more professional and affordable babysitter services at childcare institutions, Central China Television reported on Thursday, the 35th World Population Day, citing officials from China's National Health Commission (NHC).",Global_2024_07-12,2,12-Jul-24,2024,Global
"A demographer suggested that these policy measures should be further strengthened and added to cope with the fundamental concerns of young people, such as employment stability while more equitable income distribution, should be taken into consideration to boost China's birth rates.",Global_2024_07-12,3,12-Jul-24,2024,Global
"Themed under advocating a focus on family education and traditions and cultivation of marriage and child-rearing by the NHC, this year's population day aims to raise public awareness about further addressing China's declining birth rates in recent years and the demographic issues that may affect China's sustainable development.",Global_2024_07-12,4,12-Jul-24,2024,Global
"According to the NHC, all provinces have extended maternity leave by 60 days or more, and have set 15 days of paternity leave for families with newborns.",Global_2024_07-12,5,12-Jul-24,2024,Global
"In addition, five to 20 days of parental leave are given each year for families with toddlers, with all the provinces having extended their maternity leaves to 158 days or above.",Global_2024_07-12,6,12-Jul-24,2024,Global
"Compared with merely extending maternity leave, assuring women's employment after childbirth while offering flexible working hours may have a stronger positive effect, Li Jianmin, a professor of demography with the Institute of Population and Development at Nankai University, told the Global Times on Thursday.",Global_2024_07-12,7,12-Jul-24,2024,Global
"In order to alleviate the financial burden of childbearing, child-rearing and education, China established in 2022 the individual income tax special additional deduction for infants nursing for three years, with the deduction standard being 1,000 yuan ($137.53) per month for each child.",Global_2024_07-12,8,12-Jul-24,2024,Global
"In 2023, the threshold for special additional income tax deductions for taking care of children under age three was raised from 1,000 yuan to 2,000 yuan each month.",Global_2024_07-12,9,12-Jul-24,2024,Global
"Besides, subsidy policies for childbirth and child-rearing have been explored and rolled out in localities across the country.",Global_2024_07-12,10,12-Jul-24,2024,Global
The subsidies offered in Southwest China's Yunnan Province and Northwest China's Ningxia Hui Autonomous Region have covered the entire provincial regions.,Global_2024_07-12,11,12-Jul-24,2024,Global
"Yunnan provides a one-time subsidy of 2,000 yuan and 5,000 yuan to families having a second and third child, respectively, along with an annual childcare subsidy of 800 yuan until the child turns three years old.",Global_2024_07-12,12,12-Jul-24,2024,Global
"Ningxia offers a one-time subsidy of 2,000 yuan and 4,000 yuan to families having a second and third child, respectively, and a monthly subsidy of no less than 200 yuan to families with a third child until the child reaches three years old.",Global_2024_07-12,13,12-Jul-24,2024,Global
"According to Li, rather than introducing the individual income tax special additional deduction which has little impact on low-income families, the root cause of high costs of child-rearing expenses and the problems relating to income distribution must be addressed.",Global_2024_07-12,14,12-Jul-24,2024,Global
"Moreover, a unified national policy on subsidies should be introduced since governments in localities at all levels are currently acting according to their own financial capabilities with most subsidies being temporary and not being able to be sustained in the long run, Li said.",Global_2024_07-12,15,12-Jul-24,2024,Global
"According to the NHC, a lack of childcare services for infants and toddlers aged up to three years old is one of the major factors holding back childbirth.",Global_2024_07-12,16,12-Jul-24,2024,Global
"Last year, the NHC and China's National Development and Reform Commission selected 33 cities as the first batch of demonstration cities for national infant and toddler childcare service, and introduced relevant policies to support and encourage the development of affordable childcare services.",Global_2024_07-12,17,12-Jul-24,2024,Global
"One of the 33 demonstration cities, Nanjing in East China's Jiangsu Province has adopted measures such as offering financial subsidies, providing venues, reducing rents and giving tax incentives to encourage social forces to participate in the establishment of an affordable childcare service system.",Global_2024_07-12,18,12-Jul-24,2024,Global
"On top of that, Li noted that policies that ensure stable employment and certainty around income will have positive effect on their family planning decisions.",Global_2024_07-12,19,12-Jul-24,2024,Global
China continues to make efforts to improve comprehensive prevention and treatment capabilities for birth defects with the nationwide infant mortality rate and the mortality rate of children under 5 years old due to birth defects both decreasing by over 30 percent compared with five years ago.,Global_2024_07-12,20,12-Jul-24,2024,Global
"China will improve policies to boost birth rates by refining parental leave policies and increasing the supply of childcare services, according to the Government Work Report released during the two sessions that concluded last month.",Daily_2024_04-09,1,9-Apr-24,2024,Daily
"These steps will reduce the costs associated with giving birth and raising and educating children, it said.",Daily_2024_04-09,2,9-Apr-24,2024,Daily
Many national legislators and political advisers made suggestions and proposals to build a fertility-friendly society during the sessions.,Daily_2024_04-09,3,9-Apr-24,2024,Daily
"Tan Lin, a deputy to the National People's Congress, said encouraging both men and women to share responsibility for childcare and other family duties will contribute to increasing women's willingness to bear children.",Daily_2024_04-09,4,9-Apr-24,2024,Daily
"The current incentive measures to guide enterprises into building a friendly environment for fertility and gender equality in employment are insufficient, said Tan, who is also the former vice-chairwoman of the All-China Women's Federation.",Daily_2024_04-09,5,9-Apr-24,2024,Daily
"A survey conducted by the federation in 2022 covering 1,043 enterprises nationwide revealed that since the implementation of the three-child policy, 25.4 percent of the surveyed enterprises acknowledged situations where only men were recruited or given priority under equal conditions.",Daily_2024_04-09,6,9-Apr-24,2024,Daily
"Among the 930 surveyed enterprises with female employees who had given birth, 63.4 percent did not implement the policy of extending maternity leave.",Daily_2024_04-09,7,9-Apr-24,2024,Daily
"In addition, 82.4 percent of the enterprises hoped for subsidies on social insurance premiums during maternity leave, while 74.4 percent expected that the allowance for extended maternity leave would be paid from the basic medical insurance for employees.",Daily_2024_04-09,8,9-Apr-24,2024,Daily
"""Traditional views regarding women as the primary caregivers in the family need to be changed,"" Tan said.",Daily_2024_04-09,9,9-Apr-24,2024,Daily
"The fourth Chinese Women's Social Status Survey, conducted in 2020, indicated that employed women spend an average of 154 minutes per day on household chores, approximately twice as many as men.",Daily_2024_04-09,10,9-Apr-24,2024,Daily
"Meanwhile, 76.1 percent of the daily care for children under age 17 was shouldered by mothers.",Daily_2024_04-09,11,9-Apr-24,2024,Daily
"Research shows that childbirth and childcare are the primary reasons for women's career interruptions, she said.",Daily_2024_04-09,12,9-Apr-24,2024,Daily
Tan suggested improving the mechanism for the reasonable sharing of childbirth costs.,Daily_2024_04-09,13,9-Apr-24,2024,Daily
"""We need to clarify that maternity leave awards and paternity leave allowances are funded by insurance funds or local finances,"" Tan said.",Daily_2024_04-09,14,9-Apr-24,2024,Daily
"Moreover, enterprises can be provided with a certain proportion of subsidies for the social insurance premiums of female employees during maternity leave, she said.",Daily_2024_04-09,15,9-Apr-24,2024,Daily
Tan also suggested giving appropriate bonus points or preferential consideration to companies with better gender equality in government procurement and bidding projects.,Daily_2024_04-09,16,9-Apr-24,2024,Daily
"She recommended strengthening the advocacy of men's parenting responsibilities through the media, urging couples to share family burdens and truly increase women's willingness to bear children.",Daily_2024_04-09,17,9-Apr-24,2024,Daily
Political adviser Wu Ruijun said childcare services play a crucial role in promoting gender equality in employment and reducing the burden of childcare on families.,Daily_2024_04-09,18,9-Apr-24,2024,Daily
"Wu, a professor from East China Normal University's School of Social Development, said the general cost of childcare services in China is high.",Daily_2024_04-09,19,9-Apr-24,2024,Daily
"According to a 2020 survey from the National Committee of the Chinese People's Political Consultative Conference, the average monthly cost for childcare institutions is around 2,700 yuan ($375), accounting for 36 percent of the disposable income of Chinese families that year.",Daily_2024_04-09,20,9-Apr-24,2024,Daily
"Some private childcare institutions have reduced their admission fees after converting to inclusive childcare institutions, but high operating costs such as rent and salaries make it difficult to achieve a revenue balance, Wu said.",Daily_2024_04-09,21,9-Apr-24,2024,Daily
"The makeover of a sculpture of a typical Chinese family at a park in Wuhan, Hubei province, soared to the top of microblogging platform Sina Weibo's trending list at the beginning of this year, generating 39 million views.",Daily_2024_01-18,1,18-Jan-24,2024,Daily
"Created in 2017 and titled A Better Future, the stainless-steel sculpture was repainted green.",Daily_2024_01-18,2,18-Jan-24,2024,Daily
"But what was more eye-catching was the addition of two children to the original family of three, creating a family of five.",Daily_2024_01-18,3,18-Jan-24,2024,Daily
"Guo Xue, the designer of the sculpture, told news outlet ThePaper.cn that he was asked by the park's management to update the sculpture to better reflect the beauty and happiness of family life in the new era.",Daily_2024_01-18,4,18-Jan-24,2024,Daily
"This family sculpture mirrors China's efforts in recent years to encourage births, improve the national demographic structure and tackle population aging.",Daily_2024_01-18,5,18-Jan-24,2024,Daily
"Despite numerous preferential policies rolled out across the country, the demographic curve continues a downward slide.",Daily_2024_01-18,6,18-Jan-24,2024,Daily
"On Wednesday, the National Bureau of Statistics said the total number of people in China fell for a second consecutive year in 2023, dropping by 2.08 million, or 0.15 percent, to 1.409 billion.",Daily_2024_01-18,7,18-Jan-24,2024,Daily
"It takes time for the incentives to change people's thoughts about having a baby later in life or not having one, experts said.",Daily_2024_01-18,8,18-Jan-24,2024,Daily
"Following the issue of China's third-child policy in 2021, local governments have formulated detailed and tailor- made policies to foster a better social environment for having and nurturing babies.",Daily_2024_01-18,9,18-Jan-24,2024,Daily
"In 2021, Panzhihua in Sichuan province proposed to give 500 yuan ($70) per month per child to local couples who have a second or third child until the children turn three years old, becoming the first Chinese city to allocate a parental allowance.",Daily_2024_01-18,10,18-Jan-24,2024,Daily
"To encourage multiple births, Hinggan League in the Inner Mongolia autonomous region has offered a differentiated childcare allowance, giving 2,000 yuan for the second child and 3,000 yuan for the third.",Daily_2024_01-18,11,18-Jan-24,2024,Daily
"In addition, the league has provided a 25-day paternity leave and prolonged the maternity leave period by an additional 30 days for mothers having a third child.",Daily_2024_01-18,12,18-Jan-24,2024,Daily
"Women now get 158 days maternity leave for their first or second child, and 188 for their third.",Daily_2024_01-18,13,18-Jan-24,2024,Daily
"Considering the surging infertility rate in China, some regions have included auxiliary reproductive means in health insurance.",Daily_2024_01-18,14,18-Jan-24,2024,Daily
"In July, Beijing added 16 therapeutic assisted reproductive services under its healthcare insurance system.",Daily_2024_01-18,15,18-Jan-24,2024,Daily
The health department of the Guangxi Zhuang autonomous region started covering in vitro fertilization as well as other fertility services in November.,Daily_2024_01-18,16,18-Jan-24,2024,Daily
The Gansu government also announced it would reimburse fertility treatments starting in February.,Daily_2024_01-18,17,18-Jan-24,2024,Daily
"""China's negative population growth coincides with global trends in population declines and thus cannot be used to judge the quality of the national fertility supporting policies,"" said Yang Fan, a researcher at the Population Development Studies Center at Renmin University of China.",Daily_2024_01-18,18,18-Jan-24,2024,Daily
"Yang said that unlike some European countries and the United States, which have been experiencing a trend of later marriages and fewer childbirths for some time, China is only now entering that stage, and is inevitably showing a drop in the population.",Daily_2024_01-18,19,18-Jan-24,2024,Daily
"Over 56 percent of people aged 25 to 29 in China were single in 2022, up from 48.7 percent the previous year, according to the 2023 China Population and Employment Statistical Yearbook.",Daily_2024_01-18,20,18-Jan-24,2024,Daily
The percentage is 20 percent for people aged 30 to 34.,Daily_2024_01-18,21,18-Jan-24,2024,Daily
"Guo Jiqiang, a professor at the School of Economics at Zhejiang University, said that the key to tackling population aging is enhancing people's willingness to give birth, especially the youth.",Daily_2024_01-18,22,18-Jan-24,2024,Daily
"""China's second-child policy and third-child policy motivated more of those born in the 1970s to have children.",Daily_2024_01-18,23,18-Jan-24,2024,Daily
"Generation Z or so should be the backbone of fertility,"" said Guo, adding that apart from financial incentives, there should be more emotional guidance on the parent-offspring affection and raising children in preparation for senior life.",Daily_2024_01-18,24,18-Jan-24,2024,Daily
"The upcoming Year of the Dragon may be a silver lining or a shot in the arm for growth prospects as there is a traditional preference for babies born in the Year of the Dragon, Zhai Zhenwu, president of the China Population Association, told Time News, a news outlet in Guangdong province.",Daily_2024_01-18,25,18-Jan-24,2024,Daily
"Unlike the evil and cruel image associated with dragons in the West, dragons are widely considered auspicious in the East.",Daily_2024_01-18,26,18-Jan-24,2024,Daily
"""We witnessed a small baby boom in 2012, the previous Year of the Dragon,"" he was quoted as saying.",Daily_2024_01-18,27,18-Jan-24,2024,Daily
"""We expect the same this year."" Contact the writers at limenghan@chinadaily.com.cn",Daily_2024_01-18,28,18-Jan-24,2024,Daily
"Last month, the China Family Planning Association announced the launch of a new round of pilot projects in 20 municipal-level regions to foster a ""new-era ""marriage and childbearing culture as part of efforts to create a fertility-friendly environment.",Daily_2023_06-13,1,13-Jun-23,2023,Daily
The first batch of regional pilot projects was introduced in June last year.,Daily_2023_06-13,2,13-Jun-23,2023,Daily
"Wang Pei'an, deputy director of the 13th National Committee of the Chinese People's Political Consultative Conference's population, resources and environment committee and executive vice president of the association, explained the initiative during a question-and-answer session with China Daily.",Daily_2023_06-13,3,13-Jun-23,2023,Daily
Q: How has China's marriage and childbirth culture changed over the years?,Daily_2023_06-13,4,13-Jun-23,2023,Daily
"A: Young Chinese are increasingly embracing the trend of delaying marriage and having children, and tend to have fewer children overall.",Daily_2023_06-13,5,13-Jun-23,2023,Daily
"Meanwhile, more people are opting to get divorced, never marry, or have no children.",Daily_2023_06-13,6,13-Jun-23,2023,Daily
"Childbearing is no longer seen as a ""must"".",Daily_2023_06-13,7,13-Jun-23,2023,Daily
"Among college students, a happy marriage and stable career are priorities when they consider having children, and they no longer feel ashamed about divorce.",Daily_2023_06-13,8,13-Jun-23,2023,Daily
"Compared with their parents' generation, their low desire to have children stems from personal choice.",Daily_2023_06-13,9,13-Jun-23,2023,Daily
"There are several reasons for these changes, including more years spent at school that delay marriage and plans to have children, and women's anxiety about balancing child-raising and advancing their careers.",Daily_2023_06-13,10,13-Jun-23,2023,Daily
Many young people now attach greater importance to personal advancement and realizing self-worth.,Daily_2023_06-13,11,13-Jun-23,2023,Daily
"The cost of raising a child has also risen significantly, prompting complaints from families.",Daily_2023_06-13,12,13-Jun-23,2023,Daily
The average size of households is shrinking - from 3.44 people per household in 2000 to 2.62 in 2020 - as trends such as DINK (double income no kids) become more prevalent.,Daily_2023_06-13,13,13-Jun-23,2023,Daily
"Q: When and why was the concept of a ""new-era"" marriage and childbearing culture raised?",Daily_2023_06-13,14,13-Jun-23,2023,Daily
"A: The concept has been proposed as China faces a low fertility rate, a rising aging population, and uneven cross- regional population growth.",Daily_2023_06-13,15,13-Jun-23,2023,Daily
"The number of children women of childbearing age plan to have is falling, and the nation's average fertility rate dropped from 2 in 1992 to 1.15 in 2021.",Daily_2023_06-13,16,13-Jun-23,2023,Daily
"However, in Chinese culture, families still play an irreplaceable and fundamental role in providing care for the elderly and children.",Daily_2023_06-13,17,13-Jun-23,2023,Daily
"They also offer emotional and economic support, as well as advancing production, community management and promoting civilization across society.",Daily_2023_06-13,18,13-Jun-23,2023,Daily
This concept has been formulated to meet people's aspirations for better lives.,Daily_2023_06-13,19,13-Jun-23,2023,Daily
"The ""new-era"" marriage and childbearing culture focuses on promoting marriage and having children at proper ages, improving prenatal and postnatal care services, encouraging couples to share child-rearing responsibilities, and curbing the high costs of betrothal gifts and other outdated customs.",Daily_2023_06-13,20,13-Jun-23,2023,Daily
Q: Many young adults equate marrying at the right age to losing career advancement opportunities.,Daily_2023_06-13,21,13-Jun-23,2023,Daily
What do you think?,Daily_2023_06-13,22,13-Jun-23,2023,Daily
"A: From 2010 to 2020, the average age for a first marriage rose by 3.63 years for men and 3.95 years for women.",Daily_2023_06-13,23,13-Jun-23,2023,Daily
Getting married and having children can divert women's time and energy and potentially affect their performance at work.,Daily_2023_06-13,24,13-Jun-23,2023,Daily
"The Chinese authorities have introduced new rules on parental leave, along with other supportive measures aimed at reducing the impact of marriage and child-raising on young people's careers and personal development.",Daily_2023_06-13,25,13-Jun-23,2023,Daily
"To help them strike a balance between having a family and their careers, it is important to foster societal recognition of the value of marrying and having children at proper ages.",Daily_2023_06-13,26,13-Jun-23,2023,Daily
"It is also important to build a system to spread child-raising costs across different sectors to prevent enterprises incurring economic losses due to hiring female employees, and to address young people's concerns.",Daily_2023_06-13,27,13-Jun-23,2023,Daily
Q: Why is it important to promote gender equality and sharing the burden of raising children between couples?,Daily_2023_06-13,28,13-Jun-23,2023,Daily
A: Gender inequality in families could exacerbate work-family conflicts among female workers.,Daily_2023_06-13,29,13-Jun-23,2023,Daily
"Facing pressure from work and family, many women who see bright career prospects are unwilling to have children.",Daily_2023_06-13,30,13-Jun-23,2023,Daily
Promoting gender equality can enhance marital relationships and encourage women to have children.,Daily_2023_06-13,31,13-Jun-23,2023,Daily
"It is important to tap into the positive effects that gender equality can have on increasing fertility, and to make sharing the responsibilities of child care a consensus and custom observed by all of society.",Daily_2023_06-13,32,13-Jun-23,2023,Daily
Q: What additional measures should be introduced to build a fertility-friendly environment?,Daily_2023_06-13,33,13-Jun-23,2023,Daily
"A: It takes time for supportive measures, such as tax deductions to offset the cost of raising a child, issuing fertility subsidies, and extending paternity and maternity leave, to produce results.",Daily_2023_06-13,34,13-Jun-23,2023,Daily
"More efforts are needed to step up supportive policies on tax and housing, promote equal access to high quality education resources, offer incentives for employers who guarantee employees reproductive rights, and strengthen support for nursery care service providers and manufacturers of related products.",Daily_2023_06-13,35,13-Jun-23,2023,Daily
"It is also important to improve nursery care services, upgrade maternity and paternity leave regulations, encourage the elderly to care for babies, guide young people in valuing the family, and advance the development of families.",Daily_2023_06-13,36,13-Jun-23,2023,Daily
Q: What experience has been gained from implementing the initiative in the first batch of pilot regions?,Daily_2023_06-13,37,13-Jun-23,2023,Daily
"A: Authorities in these regions have launched awareness campaigns, such as making advocacy videos and posters, and getting volunteers, experts and different government departments to join efforts to strengthen publicity.",Daily_2023_06-13,38,13-Jun-23,2023,Daily
Some regions have taken note of local groups' views.,Daily_2023_06-13,39,13-Jun-23,2023,Daily
"For example, the authorities in Lijiang, Yunnan province, have included objections from the Naxi ethnic group to high bride prices.",Daily_2023_06-13,40,13-Jun-23,2023,Daily
"Meanwhile, in Ningbo, Zhejiang province, parent-child activities have been organized and a large number of fathers have explained their role in sharing responsibilities.",Daily_2023_06-13,41,13-Jun-23,2023,Daily
"In Harbin, Heilongjiang province, group weddings have been held for newlyweds, who have been given brochures and related packages as part of measures to foster a new fashion of marriage.",Daily_2023_06-13,42,13-Jun-23,2023,Daily
"Jinan, capital of east China's Shandong Province, began to hand out cash subsidies starting this year to encourage families to have more children.",Xinhua_2023_01-11,1,11-Jan-23,2023,Xinhua
Couples in the city will be able to receive a monthly allowance of 600 yuan (about 88.6 U.S. dollars) for their second or third child born from Jan.,Xinhua_2023_01-11,2,11-Jan-23,2023,Xinhua
"1 until their child gets to be three years old, according to an implementation plan on optimizing childbirth policy, and promoting long-term and balanced population development released by the local government.",Xinhua_2023_01-11,3,11-Jan-23,2023,Xinhua
"To be eligible for the subsidies, the parents and the second or third child should have their Hukou, or household registration status, in the city.",Xinhua_2023_01-11,4,11-Jan-23,2023,Xinhua
"Amid other policies to support childbirth, women enjoy 158 days of maternity leave, and their spouse enjoys no less than 15 days of paternity leave.",Xinhua_2023_01-11,5,11-Jan-23,2023,Xinhua
Both parents will enjoy no less than 10 days of parental leave each year before their child gets three years old.,Xinhua_2023_01-11,6,11-Jan-23,2023,Xinhua
"Families with second or third child will also receive government support in schooling, medical insurance and public rental housing.",Xinhua_2023_01-11,7,11-Jan-23,2023,Xinhua
"Last year, Jiangsu province recorded a negative natural growth rate for the first time since the founding of the People's Republic of China in 1949.",Xinhua_2022_03-17,1,17-Mar-22,2023,Xinhua
"The birthrate stood at 5.65 births per 1,000 people and the mortality rate at 6.77 deaths per 1,000, resulting in a growth rate of-1.12, according to the Jiangsu Bureau of Statistics.",Xinhua_2022_03-17,2,17-Mar-22,2023,Xinhua
"""The situation is gloomy but things might change over a longer period of time,"" said Yuan Xin, professor of demography at the Population and Development Research Institute at the School of Economics of Nankai University.",Xinhua_2022_03-17,3,17-Mar-22,2023,Xinhua
"Despite the birthrate challenge, Jiangsu remains an economic powerhouse.",Xinhua_2022_03-17,4,17-Mar-22,2023,Xinhua
"With a population of more than 85 million people, gross domestic product was 11.64 trillion yuan ($1.83 trillion) in 2021, the second-highest regional GDP after Guangdong province.",Xinhua_2022_03-17,5,17-Mar-22,2023,Xinhua
He said he believes Jiangsu's strong economic performance can help address the population problem.,Xinhua_2022_03-17,6,17-Mar-22,2023,Xinhua
"""A downward natural population trend can be offset by inbound immigrants.",Xinhua_2022_03-17,7,17-Mar-22,2023,Xinhua
"Given the strong economy and better job prospects, Jiangsu can surely attract more people from other parts of the country to help turn the negative to positive in coming years."" Provinces in Northeast China with weaker economies have shown consistent downward trends in their populations over the past decade, due to an outflow of people.",Xinhua_2022_03-17,8,17-Mar-22,2023,Xinhua
"However, the population problem in East China's economically strong Jiangsu has been compounded by the number of newborns declining every year since 2016.",Xinhua_2022_03-17,9,17-Mar-22,2023,Xinhua
"The decreasing number of women of childbearing age, postponement of getting married and women studying for a longer time, have all contributed to the decrease in the number of newborns, the Jiangsu Bureau of Statistics said.",Xinhua_2022_03-17,10,17-Mar-22,2023,Xinhua
"The number of women aged 20 to 39 decreased by 312,500 from 2000 to 2010, and by 1.47 million over the next decade.",Xinhua_2022_03-17,11,17-Mar-22,2023,Xinhua
"In 2021 alone, it fell by more than 110,000.",Xinhua_2022_03-17,12,17-Mar-22,2023,Xinhua
"According to the National Health Commission, the number of women aged 20 to 34 in China decreased by 3.4 million annually during the 13th Five-Year Plan period (2016-20).",Xinhua_2022_03-17,13,17-Mar-22,2023,Xinhua
The number dropped by 4.73 million in 2021.,Xinhua_2022_03-17,14,17-Mar-22,2023,Xinhua
Nearly 70 percent of women in Jiangsu who received a college education had just one child.,Xinhua_2022_03-17,15,17-Mar-22,2023,Xinhua
"They also accounted for more than half of the women in the province who chose not to have children, the Bureau of Statistics said.",Xinhua_2022_03-17,16,17-Mar-22,2023,Xinhua
"By contrast, 59.21 percent of female junior high graduates and 63.42 percent of women with an elementary school education had two or more children.",Xinhua_2022_03-17,17,17-Mar-22,2023,Xinhua
Yuan said that the younger generation no longer considered having children a requirement of family life.,Xinhua_2022_03-17,18,17-Mar-22,2023,Xinhua
"""Their concept of having a family has changed drastically,"" said Yuan.",Xinhua_2022_03-17,19,17-Mar-22,2023,Xinhua
"""The country must face the fact that the birthrate has moved downward and we must get prepared for change.",Xinhua_2022_03-17,20,17-Mar-22,2023,Xinhua
"""The problem is not only related to economics, but also related to many other aspects, including social security, gender equality and childcare.",Xinhua_2022_03-17,21,17-Mar-22,2023,Xinhua
"The policymakers of different regions in the country should be aware of the needs of women of childbearing age to put forward effective measures."" According to a newly released Jiangsu government regulation, maternity leave for working mothers has been extended from 98 to 158 days.",Xinhua_2022_03-17,22,17-Mar-22,2023,Xinhua
An additional 15 days of paternity leave has been granted to working fathers during their wife's maternity leave.,Xinhua_2022_03-17,23,17-Mar-22,2023,Xinhua
"Each parent can have 10 days of parental leave every year until their child reaches age 3, the regulation says.",Xinhua_2022_03-17,24,17-Mar-22,2023,Xinhua
"To encourage couples to have more children, more than 10 provinces and municipalities in China have extended maternity, paternity and parental leave, such as Beijing and Shanghai as well as Guangdong and Zhejiang provinces.",Xinhua_2022_03-17,25,17-Mar-22,2023,Xinhua
"As China's demographic development is at a key juncture, a political adviser has called for concerted efforts to build a family-friendly society, including influencing family and childbearing values among the younger generation.",Daily_2022_03-04,1,4-Mar-22,2022,Daily
"Last year, the overall population on the Chinese mainland increased by just 480,000, down from 2.04 million in 2020 and the lowest in six decades, according to data from the National Bureau of Statistics.",Daily_2022_03-04,2,4-Mar-22,2022,Daily
"He Dan, a member of the 13th National Committee of the Chinese People's Political Consultative Conference, said China's population has entered ""the zero-growth range"" - when the difference between births and deaths falls within 1 million, which ""marks a major shift of the main contradiction facing China's population development"".",Daily_2022_03-04,3,4-Mar-22,2022,Daily
"""This means that China has completed the historic mission of curbing excessive population growth, and now it is confronted with the structural contradiction brought about by aging, low fertility and regional disparities in population development,"" she said during an exclusive interview ahead of this year's two sessions - the country's biggest annual political event.",Daily_2022_03-04,4,4-Mar-22,2022,Daily
"He, who is also the director of the China Population and Development Research Center, said although the decline in newborns is a natural result of socioeconomic development, it is vital to take action to prevent dramatic population fluctuations and reduce its impact on economic growth.",Daily_2022_03-04,5,4-Mar-22,2022,Daily
A key move China made a key move in this regard in May by allowing all couples to have three children - up from two - and rolling out a number of supportive policies to encourage births.,Daily_2022_03-04,6,4-Mar-22,2022,Daily
"She said that when evaluating the impact of the policy adjustment, one should not only focus on the number of children born to each family, but also on efforts devoted to reduce the burden of childbearing, as well as raising and educating children, in addition to other measures aimed at helping families.",Daily_2022_03-04,7,4-Mar-22,2022,Daily
"So far, she said local governments have responded ""very actively"".",Daily_2022_03-04,8,4-Mar-22,2022,Daily
"""Most of them have revised their provincial population and family planning regulations, and have drawn up new regulations for extending maternity, paternity and parental leave,"" she said.",Daily_2022_03-04,9,4-Mar-22,2022,Daily
"""In addition, support for setting up the nursery service system has also been introduced in new regulations."" She noted that it will take some time to create a family-friendly environment throughout the whole of society.",Daily_2022_03-04,10,4-Mar-22,2022,Daily
"""Rome was not built in a day.",Daily_2022_03-04,11,4-Mar-22,2022,Daily
"From the top-level design of the maternity security system to the implementation of specific policies and measures, there is still a lot of work to be done,"" she said.",Daily_2022_03-04,12,4-Mar-22,2022,Daily
She added that it will be a challenge to reshape the family and childbearing values of the young population - a topic that she plans to focus on in her proposal to this year's two sessions.,Daily_2022_03-04,13,4-Mar-22,2022,Daily
"""The rise in the number of people remaining single is seen as a threat to a society that is aging and has fewer births,"" she said.",Daily_2022_03-04,14,4-Mar-22,2022,Daily
"""So we should start with influencing young people's attitudes toward marriage and childbearing."" Regarding concerns over gender discrimination at workplaces following the launch of extended paternity leave, she said that it is significant to keep gender equity promotion a high priority when devising supportive policies.",Daily_2022_03-04,15,4-Mar-22,2022,Daily
She suggested that China either strengthens its maternity insurance programs or sets up a new maternity security fund to cover as many female workers as possible.,Daily_2022_03-04,16,4-Mar-22,2022,Daily
Contact the writers at wangxiaoyu@chinadaily.com.cn,Daily_2022_03-04,17,4-Mar-22,2022,Daily
"BEIJING - The moment they are picked up from kindergarten each day, Tan Xinyan and her schoolmates scamper into a playground with newly installed swings, climbing frames and slides.",Daily_2022_01-12,1,12-Jan-22,2022,Daily
Even the piercing winter cold and early nightfall in Beijing cannot change their daily routine.,Daily_2022_01-12,2,12-Jan-22,2022,Daily
"""I'm surprised that such a small change can bring the children so much joy,"" says Tan's mother Hu Yufeng, referring to the new facilities in her residential community.",Daily_2022_01-12,3,12-Jan-22,2022,Daily
The appearance in old neighborhoods of well-equipped children's playgrounds reflects steps China is taking to create more favorable conditions for child-rearing.,Daily_2022_01-12,4,12-Jan-22,2022,Daily
"The world's most populous country is bracing for the prospect of low fertility rates, which many countries, particularly the advanced economies, are experiencing.",Daily_2022_01-12,5,12-Jan-22,2022,Daily
The latest census showed that the country's total fertility rate was at a low level of 1.3 in 2020.,Daily_2022_01-12,6,12-Jan-22,2022,Daily
"In 2015, China began to allow all couples to have a second child.",Daily_2022_01-12,7,12-Jan-22,2022,Daily
"In 2021, this was expanded to three children for each family.",Daily_2022_01-12,8,12-Jan-22,2022,Daily
It was followed by a slew of supportive measures.,Daily_2022_01-12,9,12-Jan-22,2022,Daily
The country's population and family planning law was also amended to foster a more birth-friendly society.,Daily_2022_01-12,10,12-Jan-22,2022,Daily
"""Policy design and lawmaking at the top aim to address public concerns over the heavy burdens of bearing, raising and educating children,"" says Zhang Guilong, a senior official with the Standing Committee of the National People's Congress, the nation's top legislature.",Daily_2022_01-12,11,12-Jan-22,2022,Daily
"At local level, support on the way includes extended paternity leave, extra parental leave and enhanced public services in terms of tax cuts, housing, employment and education, among other areas.",Daily_2022_01-12,12,12-Jan-22,2022,Daily
"Having grown up as the only child in her family, the 35-year-old mother always envied those who had siblings to play with and offer support.",Daily_2022_01-12,13,12-Jan-22,2022,Daily
"However, she initially hesitated to have a second child, given that her parents and parents-in-law are already in their late 60s, and she and her husband both have busy careers.",Daily_2022_01-12,14,12-Jan-22,2022,Daily
"""We would be irresponsible parents if we could not offer the children the attention and care they need for a happy and healthy childhood,"" Hu says.",Daily_2022_01-12,15,12-Jan-22,2022,Daily
"As it turns out, she found more happiness with two children.",Daily_2022_01-12,16,12-Jan-22,2022,Daily
"""What doubled is not the workload, but the joy and good memories they created,"" Hu says.",Daily_2022_01-12,17,12-Jan-22,2022,Daily
"With supportive policies being implemented, more mothers-to-be aiming for two or three children are expected to feel the same way.",Daily_2022_01-12,18,12-Jan-22,2022,Daily
"In Beijing, women enjoy 30 days of extra maternity leave, and both parents will have five days of parental leave every year before their child turns 3.",Daily_2022_01-12,19,12-Jan-22,2022,Daily
"In Northeast China's Liaoning province, the paid parental leave for mothers and fathers will amount to 10 days, and new dads will enjoy 20 days of paternity leave.",Daily_2022_01-12,20,12-Jan-22,2022,Daily
More regions are following suit.,Daily_2022_01-12,21,12-Jan-22,2022,Daily
"""It is really good news for families like us, where both parents have full-time jobs,"" says Luo Hua, a 38-year-old mother from Yingkou in Liaoning, who is welcoming her third child.",Daily_2022_01-12,22,12-Jan-22,2022,Daily
The country is also on the move to develop child care services and improve the affordability and availability of preschool education.,Daily_2022_01-12,23,12-Jan-22,2022,Daily
Government funding for public child care services and support to the private sector in developing the services will increase during the 14th Five-Year Plan period (2021-25).,Daily_2022_01-12,24,12-Jan-22,2022,Daily
"As for preschool education, the authorities will increase the gross enrollment ratio in kindergartens to over 90 percent by 2025.",Daily_2022_01-12,25,12-Jan-22,2022,Daily
"The extensive network of health workers at the primary level, particularly in rural areas, has been used to spread prenatal and postnatal knowledge among young couples and offer guidance on parenting.",Daily_2022_01-12,26,12-Jan-22,2022,Daily
"In terms of future incentives for couples having children, experts at the Guangdong Academy of Population Development have suggested moves to ensure fair access to education, as well as increasing the supply of quality education resources and offering tax cuts and subsidies to families with more than one child.",Daily_2022_01-12,27,12-Jan-22,2022,Daily
"""The core of optimizing family planning policy is unleashing child-rearing potential at the individual household level,"" says Song Jian, deputy head of the population development studies center at Renmin University of China.",Daily_2022_01-12,28,12-Jan-22,2022,Daily
"""It requires concerted efforts across society and better social services to alleviate the burden of families in having and raising children."" For Hu Yufeng, the creation of a birth-friendly society requires more changes like new swings and slides.",Daily_2022_01-12,29,12-Jan-22,2022,Daily
"As her daughter Xinyan is to attend elementary school next September, Hu is expecting policies that extend further through her daughter's entire journey to adulthood.",Daily_2022_01-12,30,12-Jan-22,2022,Daily
"""Ultimately, children are the creators of our future, and it's the job of us grown-ups to create an environment to enable this,"" she says.",Daily_2022_01-12,31,12-Jan-22,2022,Daily
"The moment they are picked up from kindergarten each day, Tan Xinyan and her schoolmates scamper into a playground with newly installed swings, climbing frames and slides.",Xinhua_2021_12-28,1,28-Dec-21,2021,Xinhua
Even the piercing December cold and early nightfall in Beijing cannot change their daily routine.,Xinhua_2021_12-28,2,28-Dec-21,2021,Xinhua
"""I'm surprised that such a small change can bring the kids so much joy,"" said Tan's mother Hu Yufeng, referring to the new facilities in her residential community.",Xinhua_2021_12-28,3,28-Dec-21,2021,Xinhua
The appearance in old neighborhoods of well-equipped children's playgrounds reflects steps China is taking to create more favorable conditions for child-rearing.,Xinhua_2021_12-28,4,28-Dec-21,2021,Xinhua
"The world's most populous country is bracing for the prospect of low fertility rates, which many countries, particularly the advanced economies, are experiencing.",Xinhua_2021_12-28,5,28-Dec-21,2021,Xinhua
The latest census showed that the country's total fertility rate was at a low level of 1.3 in 2020.,Xinhua_2021_12-28,6,28-Dec-21,2021,Xinhua
"In 2015, China began to allow all couples to have a second child.",Xinhua_2021_12-28,7,28-Dec-21,2021,Xinhua
"In 2021, this was expanded to allowing a third child for each family.",Xinhua_2021_12-28,8,28-Dec-21,2021,Xinhua
It was followed by a slew of supportive measures.,Xinhua_2021_12-28,9,28-Dec-21,2021,Xinhua
The country's population and family planning law was also amended to foster a more birth-friendly society.,Xinhua_2021_12-28,10,28-Dec-21,2021,Xinhua
"""Policy design and law-making at the top aim to address public concerns over the heavy burdens of bearing, raising and educating children,"" said Zhang Guilong, a senior official with the Standing Committee of the National People's Congress, the nation's top legislature.",Xinhua_2021_12-28,11,28-Dec-21,2021,Xinhua
"At local levels, support on the way includes extended paternity leave, extra parental leave and enhanced public services in terms of tax cuts, housing, employment and education, among other areas.",Xinhua_2021_12-28,12,28-Dec-21,2021,Xinhua
"Having grown up as the only child in her family, the 35-year-old mother always envied those who had siblings to play with and offer support.",Xinhua_2021_12-28,13,28-Dec-21,2021,Xinhua
"However, she initially hesitated to have a second child, given that her parents and parents-in-law are already in their late 60s, and she and her husband both have busy careers.",Xinhua_2021_12-28,14,28-Dec-21,2021,Xinhua
"""We would be irresponsible parents if we could not offer the children the attention and care they need for a happy and healthy childhood,"" Hu said.",Xinhua_2021_12-28,15,28-Dec-21,2021,Xinhua
"As it turns out, her worries about the extra burden of raising two children were unnecessary.",Xinhua_2021_12-28,16,28-Dec-21,2021,Xinhua
"""What doubled is not the workload, but the joy and good memories they created,"" Hu said.",Xinhua_2021_12-28,17,28-Dec-21,2021,Xinhua
"With supportive policies being implemented, more mothers-to-be aiming for two or three children are expected to feel the same way.",Xinhua_2021_12-28,18,28-Dec-21,2021,Xinhua
"In Beijing, women enjoy 30 days of extra maternity leave, and both parents will have five days of parental leave every year before their child turns three.",Xinhua_2021_12-28,19,28-Dec-21,2021,Xinhua
"In northeast China's Liaoning, the paid parental leave for mothers and fathers will amount to 10 days, and new dads will enjoy 20 days of paternity leave.",Xinhua_2021_12-28,20,28-Dec-21,2021,Xinhua
More regions are following suit.,Xinhua_2021_12-28,21,28-Dec-21,2021,Xinhua
"""It is really good news for families like us, where both parents have full-time jobs,"" said Luo Hua, a 38-year-old mother from Yingkou in Liaoning, who is welcoming her third child.",Xinhua_2021_12-28,22,28-Dec-21,2021,Xinhua
The country is also on the move to develop childcare services and improve the affordability and availability of preschool education.,Xinhua_2021_12-28,23,28-Dec-21,2021,Xinhua
Government funding for public childcare services and support to the private sector in developing the services will increase during the 14th Five-Year Plan period (2021-2025).,Xinhua_2021_12-28,24,28-Dec-21,2021,Xinhua
"As for preschool education, the authorities will increase the gross enrolment ratio in kindergartens to more than 90 percent by 2025.",Xinhua_2021_12-28,25,28-Dec-21,2021,Xinhua
"The extensive network of health workers at the primary level, particularly in rural areas, has been used to spread prenatal and postnatal knowledge among young couples and offer guidance on child-raising and parenting.",Xinhua_2021_12-28,26,28-Dec-21,2021,Xinhua
"On future incentives for couples having children, experts at the Guangdong Academy of Population Development have suggested moves to ensure fair access to education, as well as increasing the supply of quality education resources and offering tax cuts and subsidies to families with more than one child.",Xinhua_2021_12-28,27,28-Dec-21,2021,Xinhua
"""The core of optimizing family planning policy is unleashing child-giving potential at the individual household level,"" said Song Jian, deputy head of the population development studies center at Renmin University of China.",Xinhua_2021_12-28,28,28-Dec-21,2021,Xinhua
"""It requires concerted efforts across society and better social services to alleviate the burden of families in having and raising children."" For Hu Yufeng, the creation of a birth-friendly society requires more changes like new swings and slides.",Xinhua_2021_12-28,29,28-Dec-21,2021,Xinhua
"As her daughter Tan is to attend elementary school next September, Hu is expecting birth-friendly policies extending further to her daughter's entire journey to adulthood.",Xinhua_2021_12-28,30,28-Dec-21,2021,Xinhua
"""Ultimately, children are the creators of our future, and it's the job of us grown-ups to create an enabling environment for this."" ",Xinhua_2021_12-28,31,28-Dec-21,2021,Xinhua
More than 20 provincial-level regions of China have completed modifications to their local childbirth regulations since the country passed an amendment to its Population and Family Planning Law in August.,Xinhua_2021_12-07,1,7-Dec-21,2021,Xinhua
"Localities including Beijing, Sichuan and Jiangxi have rolled out supportive measures highlighting increased leave for couples, such as offering parental leave, extending maternity leave and marriage leave, and increasing paternity leave.",Xinhua_2021_12-07,2,7-Dec-21,2021,Xinhua
"""Government should play a leading role in sharing the cost of childbearing,"" National Health Commission official Yang Wenzhuang said, calling for more supportive measures in nursery services, childbearing subsidies and tax cuts.",Xinhua_2021_12-07,3,7-Dec-21,2021,Xinhua
The amendment to the Population and Family Planning Law allows couples to have three children and stipulates supportive measures.,Xinhua_2021_12-07,4,7-Dec-21,2021,Xinhua
"It also cancels relevant restrictive measures, including fines for couples who violate the law to have more children than they are permitted.",Xinhua_2021_12-07,5,7-Dec-21,2021,Xinhua
"More details needed on how third-child policy will protect rights, employment After China announced on May 31 that all couples will be allowed to have three children, up from two, working mothers and young women are still waiting for more details on how the policy will be implemented and how their rights will be protected.",Daily_2021_07-07,1,7-Jul-21,2021,Daily
Many want to see the policy have a positive impact on correcting gender discrimination in workplaces before deciding to have another child.,Daily_2021_07-07,2,7-Jul-21,2021,Daily
"Experts said their concerns are reasonable, reflect the professional predicament faced by many women, and highlight the urgent need to step up implementation of fertility-friendly policies, such as promoting flexible working hours and improving legislation to tackle sex-based discrimination in employment.",Daily_2021_07-07,3,7-Jul-21,2021,Daily
"Global phenomenon Jia, a public relations manager in Shanghai who asked that her full name not be published, said that when she graduated from college in 2015, it was not uncommon to be asked in job interviews about whether she had a boyfriend, or whether she planned to get married or have children in the next few years.",Daily_2021_07-07,4,7-Jul-21,2021,Daily
"""Of course I did not enjoy answering these inquiries because they had nothing to do with my qualifications and it felt like the company was not treating me as a competitive job candidate like they would treat a male counterpart,"" she said.",Daily_2021_07-07,5,7-Jul-21,2021,Daily
"After working in the advertising and marketing industry for nearly six years, she began to understand some companies' reservations about hiring young women.",Daily_2021_07-07,6,7-Jul-21,2021,Daily
"""I'd encountered a few colleagues who had to abruptly leave their positions after becoming pregnant.",Daily_2021_07-07,7,7-Jul-21,2021,Daily
"Some have returned but the priority of their lives has obviously turned to taking care of kids,"" she said.",Daily_2021_07-07,8,7-Jul-21,2021,Daily
"""I wonder if there is any solution to this dilemma.",Daily_2021_07-07,9,7-Jul-21,2021,Daily
Is working and having children so irreconcilable?,Daily_2021_07-07,10,7-Jul-21,2021,Daily
"The answer is both yes and no, experts said.",Daily_2021_07-07,11,7-Jul-21,2021,Daily
"Li Na, a professor at China University of Labor Relations, said the negative impact of fertility on female workforce participation is a global phenomenon and rearing children is bound to chip away at time devoted to work.",Daily_2021_07-07,12,7-Jul-21,2021,Daily
"""Some working mothers who initially planned to just take some time off to raise children ultimately found themselves becoming full-time mothers,"" Li said.",Daily_2021_07-07,13,7-Jul-21,2021,Daily
"""The third-child policy will certainly add to the misgivings of employers, especially when it comes to giving promotions to or renewing labor contracts with female employees."" The female labor participation rate in China is above the global average.",Daily_2021_07-07,14,7-Jul-21,2021,Daily
"In 2019, about 61 percent of Chinese women aged 15 or above were working, compared with 54 percent for Japan, 57 percent for the United States and 56 percent for Germany, data from the World Bank shows.",Daily_2021_07-07,15,7-Jul-21,2021,Daily
"Biological burden Striking a balance between home and work has been tough for them, which is one of the top three reasons many families decided not to have more children after the universal second-child policy took effect in 2016, the National Health Commission said on June 1.",Daily_2021_07-07,16,7-Jul-21,2021,Daily
"Citing figures from a survey, the commission said: ""About 34.3 percent of women said their earnings were cut after childbirth.",Daily_2021_07-07,17,7-Jul-21,2021,Daily
"Among them, 42.9 percent had their salaries cut by at least half."" During an earlier interview with China News Service, Chang Kai, head of Renmin University of China's Labor Relations Research Center, said it is very difficult for many enterprises to get rid of gender discrimination in the current social environment, and the traditional view that women should be responsible for household chores still hampers their employment.",Daily_2021_07-07,18,7-Jul-21,2021,Daily
"""But the main problem is that existing rules and regulations aimed at protecting the rights of female workers are not very strict, and their implementation is weak,"" he said.",Daily_2021_07-07,19,7-Jul-21,2021,Daily
"Chang said women have to bear the biological burden of taking maternity leave and breast-feeding, which will drive up enterprises' human resources costs.",Daily_2021_07-07,20,7-Jul-21,2021,Daily
"""Governments are suggested to provide relevant subsidies to businesses, and step up social security and maternity insurance programs,"" he said.",Daily_2021_07-07,21,7-Jul-21,2021,Daily
The coverage of maternity insurance has been rising in recent years.,Daily_2021_07-07,22,7-Jul-21,2021,Daily
"The National Healthcare Security Administration said recently that about 235 million people had enrolled in maternity insurance programs last year, up by 10 percent from 2019.",Daily_2021_07-07,23,7-Jul-21,2021,Daily
"Maternity insurance, paid for by employers and local governments, reimburses women who leave work to give birth.",Daily_2021_07-07,24,7-Jul-21,2021,Daily
"But, based on experiences in other countries, it's not enough to dispel employers' misgivings, Li said.",Daily_2021_07-07,25,7-Jul-21,2021,Daily
"""A feasible solution adopted by Germany is to use funds from the national social security or medical insurance programs to make up the balance (of insurance premiums), instead of asking employers to shoulder the burden,"" she said.",Daily_2021_07-07,26,7-Jul-21,2021,Daily
"In addition to maternity leave, Li added, favorable policies such as paternity leave and parental leave, have not been embraced or enforced strongly enough.",Daily_2021_07-07,27,7-Jul-21,2021,Daily
"""The rollout of paternity leave is meant to lessen discrimination against women, but it is not clear who will pay the salaries of male employees during their time off.",Daily_2021_07-07,28,7-Jul-21,2021,Daily
"As a result, both employers and employees are lukewarm about it,"" she said.",Daily_2021_07-07,29,7-Jul-21,2021,Daily
"Li said detailed regulations are also needed on how to implement parental leave, as the country is encouraging capable regions to launch trial programs.",Daily_2021_07-07,30,7-Jul-21,2021,Daily
"""Parental leave usually lasts one to three years and can effectively solve the issue of rearing children before they are sent to kindergarten at 3 years old,"" she said.",Daily_2021_07-07,31,7-Jul-21,2021,Daily
"Innovative approaches Li said some key questions remain, including how payment should be arranged during such leave, how to prevent men from shifting all responsibilities for raising children to women and how to coordinate parents' eventual return to the job market and work.",Daily_2021_07-07,32,7-Jul-21,2021,Daily
"More can be done to address these issues, she said.",Daily_2021_07-07,33,7-Jul-21,2021,Daily
"Another promising approach is to promote flexible working schedules, Li said.",Daily_2021_07-07,34,7-Jul-21,2021,Daily
"""If a husband and a wife can stagger their working hours, they can resolve the conflict between work and home,"" she said.",Daily_2021_07-07,35,7-Jul-21,2021,Daily
"Li Jia, deputy head of the aging society research center at Pangoal Institution, a Beijing-based public policy think tank, told China Business Journal that paternity leave is only a supplemental approach, and the core solution is to promote ""integration of work and home"", such as working from home.",Daily_2021_07-07,36,7-Jul-21,2021,Daily
"""The shift also involves legal issues, such as how to draft contracts with homebound workers and how to protect the rights of both parties in this context,"" he added.",Daily_2021_07-07,37,7-Jul-21,2021,Daily
"A guideline released by the Ministry of Human Resources and Social Security and eight other government departments in February 2019 banned any form of discrimination against women at work, including setting higher bars for or rejecting female candidates, and asking them to reveal their marital status or childbearing plans.",Daily_2021_07-07,38,7-Jul-21,2021,Daily
"Li Na, from China University of Labor Relations, said more forceful and detailed laws against gender discrimination at work should be established.",Daily_2021_07-07,39,7-Jul-21,2021,Daily
"""Existing regulations are too general,"" she said.",Daily_2021_07-07,40,7-Jul-21,2021,Daily
"""Gender discrimination can be very implicit, and we need stronger efforts and skills to detect it."" ",Daily_2021_07-07,41,7-Jul-21,2021,Daily
"CPPCC member Chen Xia appeals for greater childcare support and deeper thought in education, Li Yingxue reports.",Daily_2021_03-10,1,10-Mar-21,2021,Daily
"The government should extend parental leave and share the cost with companies or employers to help stimulate improvement in the country's birthrate through greater support, a policy adviser says.",Daily_2021_03-10,2,10-Mar-21,2021,Daily
"Chen Xia, a member of the 13th National Committee of the Chinese People's Political Consultative Conference, spoke about the birthrate and other issues she expects to be discussed at the two sessions, the annual meetings of China's top legislature and political advisory body.",Daily_2021_03-10,3,10-Mar-21,2021,Daily
"""A generation or a nation, if it wants to have a proper replacement of its members, the total fertility rate should be 2.1, but we are less than that,"" she says, adding that she is concerned with the low birthrate that will lead to an aging population.",Daily_2021_03-10,4,10-Mar-21,2021,Daily
"In her proposal at the two sessions, Chen writes: ""First, let's extend the leave when a couple has a baby.",Daily_2021_03-10,5,10-Mar-21,2021,Daily
"Mainly, we only ask for the mother to get maternity leave, but I also suggest that we have a law which allows the father to take paternity leave."" Chen says for a child to grow with a healthy personality, both parents should have enough time with the baby, so the parental leave is needed.",Daily_2021_03-10,6,10-Mar-21,2021,Daily
"Currently, maternity leave can be taken for at least 98 days.",Daily_2021_03-10,7,10-Mar-21,2021,Daily
"However, this method will increase cost for companies or employers, so Chen suggests cost-sharing between the government and such parties.",Daily_2021_03-10,8,10-Mar-21,2021,Daily
"""It's not only a matter for the family, it's also an issue for the whole of society.",Daily_2021_03-10,9,10-Mar-21,2021,Daily
"A couple raises a child who will eventually contribute to society, therefore each of us should contribute to childbearing,"" she adds.",Daily_2021_03-10,10,10-Mar-21,2021,Daily
"Chen suggests spending some national revenue to cover the cost of better medical care for children, or extend compulsory education from nine years to 12 years.",Daily_2021_03-10,11,10-Mar-21,2021,Daily
"According to Chen, to prepare her proposal for the two sessions, she first listened to the voices in her field - from colleagues, friends, students and many others - to learn about their concerns and wishes.",Daily_2021_03-10,12,10-Mar-21,2021,Daily
"Then she did research, including reading published books and papers, and talked to experts before writing the proposal to explain why the issue is important and offering her suggestions.",Daily_2021_03-10,13,10-Mar-21,2021,Daily
"""We are like a channel to communicate as the voice in our field.",Daily_2021_03-10,14,10-Mar-21,2021,Daily
"That voice will be heard during the two sessions, and society and the government will pay attention to the issues we highlight in our proposals,"" she says.",Daily_2021_03-10,15,10-Mar-21,2021,Daily
"In previous years, Chen proposed to enhance critical thinking in the education system and also gave suggestions on how to deal with China's aging society.",Daily_2021_03-10,16,10-Mar-21,2021,Daily
"In 2019, as a researcher at the Institute of Philosophy of the Chinese Academy of Social Sciences, Chen suggested national prizes for scholars in the humanities and social sciences, so that top specialists in the fields are recognized and more youngsters are inspired to pursue such studies.",Daily_2021_03-10,17,10-Mar-21,2021,Daily
Promoting philosophy and the social sciences is included in the country's 14th Five-Year Plan (2021-25) that is expected to be ratified during this year's two sessions.,Daily_2021_03-10,18,10-Mar-21,2021,Daily
"The development of social sciences plays a significant role in the country's progress, Chen says.",Daily_2021_03-10,19,10-Mar-21,2021,Daily
"""The development of technology and natural sciences can nourish our body, but we also need something to nourish our mind and spirituality,"" she says, adding that philosophy also trains people to think rationally.",Daily_2021_03-10,20,10-Mar-21,2021,Daily
"She says society needs the work of philosophers and social scientists, which also covers literature, history and arts.",Daily_2021_03-10,21,10-Mar-21,2021,Daily
"""They provide inspiration and resources for us to reflect on our lives - to reflect on the way we have come and the way that will lead into the future.",Daily_2021_03-10,22,10-Mar-21,2021,Daily
"That's extremely important."" Chen says to promote social sciences and philosophy, the education system should be improved.",Daily_2021_03-10,23,10-Mar-21,2021,Daily
"""We give the kids this kind of education, so we can spend more time on philosophy, logic, literature, history and the arts,"" she says.",Daily_2021_03-10,24,10-Mar-21,2021,Daily
"Specializing in traditional Chinese philosophy, Chen says it's important to inherit the wisdom of our ancestors.",Daily_2021_03-10,25,10-Mar-21,2021,Daily
"""We should find a way to illustrate it, make it understandable, interesting and important for us today,"" she says.",Daily_2021_03-10,26,10-Mar-21,2021,Daily
"Chen says tradition is not something for the museum and, at the same time, people should have critical thinking about which parts of tradition should be brought into the modern world.",Daily_2021_03-10,27,10-Mar-21,2021,Daily
"""Tradition is always changing, and tradition has a vitality to respond to what we are facing today,"" Chen says.",Daily_2021_03-10,28,10-Mar-21,2021,Daily
Chen says traditional philosophical thinking can contribute to modern society in ways beyond the relationship between humans.,Daily_2021_03-10,29,10-Mar-21,2021,Daily
"Chen's study focuses on Taoism, and she says Taoism emphasizes the harmonious relationship between people and the environment.",Daily_2021_03-10,30,10-Mar-21,2021,Daily
"""Urbanization, industrialization, commercialization - they all push us to consume too much.",Daily_2021_03-10,31,10-Mar-21,2021,Daily
"Taoism tells us to live a simple life,"" she says.",Daily_2021_03-10,32,10-Mar-21,2021,Daily
Northwest China's Ningxia Hui Autonomous Region has adopted a regulation encouraging employers to offer a 10- day parental leave each year for both parents before their children turn four years of age.,Xinhua_2019_10-09,1,9-Oct-19,2019,Xinhua
"The regulation, which will come into effect on Nov. 1 this year, is aimed to encourage both parents to take part in child-rearing and ensure the healthy growth of young children, according to Zhou Wenying, head of the women's rights department of the Ningxia regional women's federation.",Xinhua_2019_10-09,2,9-Oct-19,2019,Xinhua
"According to its previous policy, a male employee in Ningxia is entitled to a 25-day paternity leave when his wife is on maternity leave, Zhou said.",Xinhua_2019_10-09,3,9-Oct-19,2019,Xinhua
"""The new regulation, the first of its kind nationwide, will give both parents another 10-day annual leave."" The regulation encouraged employers to provide childcare services in workplace and put in place special facilities such as nursing rooms for pregnant and lactating women.",Xinhua_2019_10-09,4,9-Oct-19,2019,Xinhua
The regulation encouraged employers to provide childcare services in workplace and put in place special facilities such as nursing rooms for pregnant and lactating women.,Xinhua_2019_10-09,5,9-Oct-19,2019,Xinhua
A recent survey by China Youth Daily found that 71.9 percent of young people expect public policies to encourage marriage among young people.,Xinhua_2019_09-01,1,1-Sep-19,2019,Xinhua
"Of the 1,764 surveyed between 18 and 35 years old, 64.7 percent anticipate government-subsidized housing and nearly 50 percent expect extended maternity and marriage leave.",Xinhua_2019_09-01,2,1-Sep-19,2019,Xinhua
"Wang Xiaoyan, a 27-year-old woman, hoped that both maternity and paternity leave could be guaranteed.",Xinhua_2019_09-01,3,1-Sep-19,2019,Xinhua
"Nearly two-thirds of the respondents expect to marry between 26 and 29, and 67.5 percent said that the high cost of marriage and raising children stopped them from getting married at a young age.",Xinhua_2019_09-01,4,1-Sep-19,2019,Xinhua
"""We hope the government can raise the subsidies for school-age children and address the discrimination against women in employment to reduce parental stress,"" said Tu Lili, a 27-year-old woman living in Guangdong Province.",Xinhua_2019_09-01,5,1-Sep-19,2019,Xinhua
"For some young people, a stable income is a precondition for marriage, so they focus on putting money away before tying the knot, said Zhou Xiaopeng, a senior psychological counselor.",Xinhua_2019_09-01,6,1-Sep-19,2019,Xinhua
"Zhou also suggests that couples should be emotionally mature and independent, and share the same values in marriage.",Xinhua_2019_09-01,7,1-Sep-19,2019,Xinhua
"The global population is becoming older due mainly to fewer children being born, reinforced by people living much longer.",Xinhua_2019_01-08,1,8-Jan-19,2019,Daily
"China is now home to the largest number of elderly people and their size is increasing faster than in most other aging countries, with the fastest increase happening among the oldest old (aged 80 or above).",Xinhua_2019_01-08,2,8-Jan-19,2019,Xinhua
"Compared to 115 years for France, it will take just 25 years for China's population aged 60 years or above to double from one in 10 persons in 2000 to one in five persons in 2025.",Xinhua_2019_01-08,3,8-Jan-19,2019,Xinhua
China already has about 240 million people aged 60 or above.,Xinhua_2019_01-08,4,8-Jan-19,2019,Xinhua
These trends have heightened worries about China becoming old before becoming rich especially with the onset of its shrinking labor force in 2011.,Xinhua_2019_01-08,5,8-Jan-19,2019,Xinhua
Can aging also create new opportunities?,Xinhua_2019_01-08,6,8-Jan-19,2019,Xinhua
Are these fears exaggerated?,Xinhua_2019_01-08,7,8-Jan-19,2019,Xinhua
Why would a country that in 40 years has lifted more than 740 million of its people out of poverty and emerged from being among the poorest countries in the world to becoming the second-largest economy be unable to mitigate the adverse consequences of aging?,Xinhua_2019_01-08,8,8-Jan-19,2019,Xinhua
"Given that China's elderly population is increasing by 10 million annually, shouldn't the focus be on how to adjust the economy, health systems, and social institutions fast enough to provide economic security, safety and good quality of life for the growing number of senior citizens?",Xinhua_2019_01-08,9,8-Jan-19,2019,Xinhua
And are there new opportunities that come with aging that could further drive economic development?,Xinhua_2019_01-08,10,8-Jan-19,2019,Xinhua
We know that it is the productivity of the population rather than its size that largely determines the economic development of a country.,Xinhua_2019_01-08,11,8-Jan-19,2019,Xinhua
"China is already accelerating efforts to massively increase the skill attainment of the population, improve the quality and coverage of affordable healthcare and pension systems, as well as shift the economy toward high-end, innovation-driven manufacturing and services.",Xinhua_2019_01-08,12,8-Jan-19,2019,Xinhua
It may thus be well placed to turn aging into a key driver of sustainable development.,Xinhua_2019_01-08,13,8-Jan-19,2019,Xinhua
"Nonetheless, a number of short-term and medium-to-long term actions by the government, the private sector and civil society organizations, especially if well coordinated, would make it easier for the above-painted scenario to be realized in the coming decades.",Xinhua_2019_01-08,14,8-Jan-19,2019,Xinhua
What is to be done?,Xinhua_2019_01-08,15,8-Jan-19,2019,Xinhua
"First, actions should be taken to reap the potential of new generations of senior citizens.",Xinhua_2019_01-08,16,8-Jan-19,2019,Xinhua
It is a fact that a typical 70-year old in China today is much healthier and skilled than a 70-year old 20 years ago.,Xinhua_2019_01-08,17,8-Jan-19,2019,Xinhua
"So, a gradual increase in the retirement age and equal retirement age for men and women as well as full exploitation of the opportunities from growing the already large ""silver economy"" that caters to the healthcare, learning, mobility, leisure and financial service needs of senior citizens could yield huge longevity dividends.",Xinhua_2019_01-08,18,8-Jan-19,2019,Xinhua
"In particular, the expected yearly increase in life expectancy and women's participation in the labor force as the country further modernizes would create room to expand the tax revenue base required for an effective response to aging.",Xinhua_2019_01-08,19,8-Jan-19,2019,Xinhua
"Second, measures should be taken to support members of the younger generations who choose to have more children to do so.",Xinhua_2019_01-08,20,8-Jan-19,2019,Xinhua
"The fact that young adults in China marry late and choose to have one or no child is the key reason for an aging society, which is also likely to be the case in the foreseeable future because of the high economic and social costs of bearing and raising children especially for women.",Xinhua_2019_01-08,21,8-Jan-19,2019,Xinhua
"Women's almost exclusive responsibility for unpaid care work, coupled with inadequate maternity and paternity leave, lack of flexible working arrangements, and work-life imbalance greatly discourage child rearing.",Xinhua_2019_01-08,22,8-Jan-19,2019,Xinhua
"Key social measures that might be considered, based on lessons from some Scandinavian countries, include weighted tax reductions, childcare subsidies, affordable quality care for children and the elderly, generous parental leave schemes, institution of flexible work arrangements, and policies to empower women and promote more equal share of household work between men and women.",Xinhua_2019_01-08,23,8-Jan-19,2019,Xinhua
"These measures have tended to produce better results when targeted well to reduce inequalities between rural and urban areas, regions and sectors.",Xinhua_2019_01-08,24,8-Jan-19,2019,Xinhua
It would also include provision of access to quality reproductive health services to couples suffering from infertility.,Xinhua_2019_01-08,25,8-Jan-19,2019,Xinhua
"Finally, more investment should be made in the younger generations today who will be the older population in the future, particularly in terms of health and education.",Xinhua_2019_01-08,26,8-Jan-19,2019,Xinhua
"It is the investment in younger generations that determines active and healthy aging through the life course, and it is the young people that shape future rates of childbearing.",Xinhua_2019_01-08,27,8-Jan-19,2019,Xinhua
"Fostering positive responses to aging The United Nations Population Fund (UNFPA), as the lead UN agency for population and reproductive health, has consistently supported China's improving policy responses to aging from the early 1980s when it funded the country's first major research on aging.",Xinhua_2019_01-08,28,8-Jan-19,2019,Xinhua
It has more recently stepped up support in response to the intensifying speed and scale of aging in China and more than 30 other countries across the world through a Global Programme on Ageing and Low Fertility.,Xinhua_2019_01-08,29,8-Jan-19,2019,Xinhua
"As UNFPA celebrates four decades of cooperation with China in 2019, we will continue to work with governments and other institutions to foster more forward-looking, integrated and positive responses to aging.",Xinhua_2019_01-08,30,8-Jan-19,2019,Xinhua
"Given China's population and development record to date, we are confident that despite its changing age structure, China's population is likely to remain a strong asset for its sustainable development.",Xinhua_2019_01-08,31,8-Jan-19,2019,Xinhua
The author is resident representative (China) of United Nations Population Fund.,Xinhua_2019_01-08,32,8-Jan-19,2019,Xinhua
The continuing low fertility rate is a major challenge for China.,Global_2018_06-05,1,5-Jun-18,2018,Global
"Only one-third of women in their childbearing age, who have had one child, plan to have a second baby, according to two recent regional surveys conducted by the Center for Population and Development Studies at Renmin University of China.",Global_2018_06-05,2,5-Jun-18,2018,Global
The lack of desire to produce children has been common.,Global_2018_06-05,3,5-Jun-18,2018,Global
"An average of 2.1 children born per couple is required to achieve intergenerational replacement level, which is important for stable development of the population.",Global_2018_06-05,4,5-Jun-18,2018,Global
But this is a hard target to reach in China.,Global_2018_06-05,5,5-Jun-18,2018,Global
Removing all policy limits can hardly solve the problem.,Global_2018_06-05,6,5-Jun-18,2018,Global
The economic pressure of childrearing and lack of access to childcare resources are the two major factors that stop families from having a second child.,Global_2018_06-05,7,5-Jun-18,2018,Global
"Currently, the birth-friendly family policy is fragmented, decentralized and even absent.",Global_2018_06-05,8,5-Jun-18,2018,Global
The supporting policies are insufficient.,Global_2018_06-05,9,5-Jun-18,2018,Global
Many people wish for larger families but are afraid to go for it.,Global_2018_06-05,10,5-Jun-18,2018,Global
Building a birth-friendly environment can help tackle the issue.,Global_2018_06-05,11,5-Jun-18,2018,Global
"First, a government-led and community-based public childcare system for kids under 3 needs to be established.",Global_2018_06-05,12,5-Jun-18,2018,Global
"Currently, most families rely on grandparents or nannies to take care of their kids.",Global_2018_06-05,13,5-Jun-18,2018,Global
There are few nurseries to cater to the demand.,Global_2018_06-05,14,5-Jun-18,2018,Global
"Couples, especially women, find it difficult to balance work and childcare at the same time.",Global_2018_06-05,15,5-Jun-18,2018,Global
The high cost of childrearing leads to low desire to have babies.,Global_2018_06-05,16,5-Jun-18,2018,Global
"Thus, it's urgent to provide infant and toddler care services.",Global_2018_06-05,17,5-Jun-18,2018,Global
Resources have to be mustered to carry out family support projects and build affordable nurseries near residential communities.,Global_2018_06-05,18,5-Jun-18,2018,Global
The nurseries can be run as public-private partnerships for better functioning.,Global_2018_06-05,19,5-Jun-18,2018,Global
"If they are administered by the private sector, efficient management techniques should be introduced.",Global_2018_06-05,20,5-Jun-18,2018,Global
Qualified employers should be encouraged to open nurseries and kindergartens with preferential treatment.,Global_2018_06-05,21,5-Jun-18,2018,Global
Enterprises should also be encouraged to cooperate with neighboring communities to provide childcare services for their employees.,Global_2018_06-05,22,5-Jun-18,2018,Global
The employers should also let mothers have some leeway to breastfeed and visit the baby.,Global_2018_06-05,23,5-Jun-18,2018,Global
"Second, maternity leave needs to be institutionalized.",Global_2018_06-05,24,5-Jun-18,2018,Global
Surveys found that some employers still have discriminatory policies and give workers shorter maternity leave for the second child than for the first one.,Global_2018_06-05,25,5-Jun-18,2018,Global
Government departments should regulate such behavior and urge enterprises and institutions to implement policies to protect workers' reproductive rights and interests.,Global_2018_06-05,26,5-Jun-18,2018,Global
Research in developed countries shows that parental leave can promote the desire to have children.,Global_2018_06-05,27,5-Jun-18,2018,Global
We can introduce paid and unpaid parental leave.,Global_2018_06-05,28,5-Jun-18,2018,Global
"In order to ensure enterprises' high productivity and competitiveness, and reduce losses, public finance should provide subsidies to enterprises.",Global_2018_06-05,29,5-Jun-18,2018,Global
"Third, systematic family support policies are necessary to improve welfare of families.",Global_2018_06-05,30,5-Jun-18,2018,Global
"In the surveys, more than 70 percent women said that the country's maternity subsidies will motivate them to have larger families.",Global_2018_06-05,31,5-Jun-18,2018,Global
"China needs to improve social security policies on child birth, childcare, child development and education.",Global_2018_06-05,32,5-Jun-18,2018,Global
"Through maternity subsidies, tax incentives, family allowances and housing guarantees, the financial burden of raising children can be reduced.",Global_2018_06-05,33,5-Jun-18,2018,Global
"Fourth, it is essential to incorporate gender equality into family policies.",Global_2018_06-05,34,5-Jun-18,2018,Global
"Looking at the connection between fertility and family policy in European countries, low gender equality will reduce the motivation to have babies.",Global_2018_06-05,35,5-Jun-18,2018,Global
"Therefore, work-life balance is not just for women but a joint responsibility of both parents.",Global_2018_06-05,36,5-Jun-18,2018,Global
The surveys show more than half of women believe the guarantee not to be dismissed from their jobs due to maternity-related reasons can motivate them to have a second child.,Global_2018_06-05,37,5-Jun-18,2018,Global
"In fact, because of the maternity issue, women face discrimination - explicitly or implicitly - in the labor market, and their career is often affected.",Global_2018_06-05,38,5-Jun-18,2018,Global
They struggle to strike a balance between family and work.,Global_2018_06-05,39,5-Jun-18,2018,Global
"In addition to special legislation to protect women from discrimination, we should pay attention to husbands' family responsibilities.",Global_2018_06-05,40,5-Jun-18,2018,Global
Paternity leave should be ensured to promote greater involvement in the housework and child care.,Global_2018_06-05,41,5-Jun-18,2018,Global
"A flexible maternity leave transfer system can be implemented to allow women to turn over part of their leave to their husbands, and encourage them to take maternity leave.",Global_2018_06-05,42,5-Jun-18,2018,Global
Working fathers in East China's Jiangsu province can now take up to 30 days paid paternity leave to care for their newborns - double the amount of time in most other Chinese provinces.,Daily_2017_07-05,1,5-Jul-17,2017,Daily
"The Jiangsu government's legal office has drafted a local regulation to solicit public opinions on the change, which stipulates that new fathers can have 15 days paternity leave and an additional 15 days of ""joint parental leave"".",Daily_2017_07-05,2,5-Jul-17,2017,Daily
"It is designed to ""promote gender equality in employment"" and ""encourage husbands and wives to share the housework"", the government said.",Daily_2017_07-05,3,5-Jul-17,2017,Daily
The move has been welcomed by parents and netizens alike.,Daily_2017_07-05,4,5-Jul-17,2017,Daily
"Zhong Lei, father of a 4-year-old girl from Nanjing, said he is now considering having a second child because of the change.",Daily_2017_07-05,5,5-Jul-17,2017,Daily
"""It was a nightmare when my daughter was born, especially for my wife,"" he said.",Daily_2017_07-05,6,5-Jul-17,2017,Daily
"""As a new mother, she needed help and I was not there for her.",Daily_2017_07-05,7,5-Jul-17,2017,Daily
"It will be great to have a month off work to take care of her and the newborn."" According to the Jiangsu Women's Federation, China does not have a nationwide regulation for paternity leave.",Daily_2017_07-05,8,5-Jul-17,2017,Daily
"Each province and municipality regulates their own paternity leave, which varies from 10 to 15 days.",Daily_2017_07-05,9,5-Jul-17,2017,Daily
"Huang Xinwei, a pregnancy and postpartum psychology specialist at Nanjing Maternity and Child Health Hospital, said a longer period of paternity leave benefits both wives and husbands.",Daily_2017_07-05,10,5-Jul-17,2017,Daily
"""Learning how to take care of newborns helps to foster a good father-child relationship.",Daily_2017_07-05,11,5-Jul-17,2017,Daily
"It also helps the fathers to realize how difficult life can be for new mothers,"" he said.",Daily_2017_07-05,12,5-Jul-17,2017,Daily
"""Many new mothers have postpartum depression to some degree.",Daily_2017_07-05,13,5-Jul-17,2017,Daily
"It is important for them to be accompanied by family members, especially by the husbands.",Daily_2017_07-05,14,5-Jul-17,2017,Daily
"The sooner fathers take a part in raising their children, the better."" Meng Xiaosi, a Standing Committee member of the CPPCC National Committee and vice-president of the Secretariat of the All-China Women's Federation, said during this year's two sessions in March that many women choose not to have a second child due to lack of child care support and financial pressure.",Daily_2017_07-05,15,5-Jul-17,2017,Daily
She called for longer paid paternity leave for both husbands and wives.,Daily_2017_07-05,16,5-Jul-17,2017,Daily
"However, concerns have been raised that more time off work may increase costs for enterprises and affect the careers of fathers taking leave.",Daily_2017_07-05,17,5-Jul-17,2017,Daily
"""It's possible that I may be transferred from my current post to a less important one,"" said Zhong, the father.",Daily_2017_07-05,18,5-Jul-17,2017,Daily
"""I would not be surprised if private companies place more emphasis on job applicants' marital status after this change.",Daily_2017_07-05,19,5-Jul-17,2017,Daily
"The government should take more responsibility, including giving subsidies to companies."" ",Daily_2017_07-05,20,5-Jul-17,2017,Daily
"The idea of ""gender-neutral parental leave"" is presently being debated across the world, especially in places like the US.Thanks to women like actress Anne Hathaway, the revolution in gender equality is also calling for everybody to enjoy time with their newborn children.",Global_2017_04-11,1,11-Apr-17,2017,Global
"Therefore, we start by liberating men from the workplace to be with their children, and by doing this, we also liberate women, the argument goes.",Global_2017_04-11,2,11-Apr-17,2017,Global
"It's a form of maternity/paternity leave in equal measure.In the Scandinavian countries of Europe, it has always been the common trend.",Global_2017_04-11,3,11-Apr-17,2017,Global
"In countries like Denmark, 90 percent of the men take paid paternity leave to be with their newborn baby or babies.If these progressive countries can do it, why not the rest of the world?",Global_2017_04-11,4,11-Apr-17,2017,Global
"Yes, companies pay their employees to be away from their duties for six weeks.I'm the first one to defend a woman's right to do so.",Global_2017_04-11,5,11-Apr-17,2017,Global
"Especially after she has carried a baby for nine months, she deserves to be given the opportunity to bond with her child.But these privileges shouldn't belong exclusively to women and married men, but should also be afforded to divorced parents, single parents and fathers who are too busy to spend time with their children.Fathers ought to be able to spend quality time with their children as well.",Global_2017_04-11,6,11-Apr-17,2017,Global
"For a dad, to be a part of his son's or daughter's upbringing is precious.If a dad or any parent wants to have time with their child, why not allow equal leave?True, some men might not be interested in it, but they are in a minority.",Global_2017_04-11,7,11-Apr-17,2017,Global
"Men have to be given the chance to do the right thing.Therefore, let's start thinking about ""gender-neutral paid parental leave."" I believe it can be given to those parents who want to spend the first 45 days with their newborns.I'd take it one step further.",Global_2017_04-11,8,11-Apr-17,2017,Global
"It should also be available to couples who adopt a newborn child, and not just heterosexual couples.",Global_2017_04-11,9,11-Apr-17,2017,Global
"It should include couples who are homosexual, lesbian and transgender.A good parent is still a good parent, and they're certainly needed to raise better children for our world.",Global_2017_04-11,10,11-Apr-17,2017,Global
"Plus, we have a human responsibility to do the correct thing for all.This article was published on the Global Times Metropolitan section Two Cents page, a space for reader submissions, including opinion, humor and satire.",Global_2017_04-11,11,11-Apr-17,2017,Global
"The ideas expressed are those of the author alone, and do not represent the position of the Global Times.",Global_2017_04-11,12,11-Apr-17,2017,Global
Murat Saglamoglu holds his baby.,Global_2017_03-13,1,13-Mar-17,2017,Global
"Stay-at-home dads might not be a common sight in China, but for Swedish families, where many fathers take parental leave and are seen on the streets pushing strollers, it is parenting as usual.",Global_2017_03-13,2,13-Mar-17,2017,Global
"The Consulate General of Sweden in Shanghai will launch a new photography exhibition, Swedish Dads, in order to provoke Chinese parents into giving a second thought to their traditional roles in society.",Global_2017_03-13,3,13-Mar-17,2017,Global
"Taken by photographer Johan Bävman, a new father himself, the photos feature several Swedish fathers who chose to stay at home with their child for at least six months after being born.",Global_2017_03-13,4,13-Mar-17,2017,Global
"With this project, Bävman aimed to find out why these men opted to put their careers on hold, how their family structures and relationships changed, and their expectations prior to taking leave.In 1974, Sweden became the first country in the world to replace maternity leave with parental leave.",Global_2017_03-13,5,13-Mar-17,2017,Global
"With institutional support from the government, both parents became entitled to 480 days of paid leave, including 90 days reserved exclusively for fathers.While on parental leave, Swedish parents can receive an allowance of nearly 80 percent of their salary for 390 days with the remaining 90 days paid at a flat rate.Forty years later, many Swedish fathers feel ""embarrassed"" if they do not take parental leave after having a baby, said Lisette Lindahl, the Consul General of Sweden in Shanghai.Lindahl believes the biggest change the policy has brought to Swedish society is that it has secured women's place in the nation's workforce, allowing more women to pursue a career.",Global_2017_03-13,6,13-Mar-17,2017,Global
"It has also reshaped the next generation's view of gender while allowing fathers to better bond with their children.""In Sweden we believe women and men have the same opportunities, rights and obligations in all walks of life,"" said Lindahl.",Global_2017_03-13,7,13-Mar-17,2017,Global
"""We believe whatever men can do women can do as well and vice versa.""To compel more Chinese fathers to become engaged in child rearing, the Consulate General of Sweden in Shanghai will also organize a photography contest featuring Chinese dads with their children, which comes just in time for the current public debate about the vanishing role of fathers in China.In 2015, China amended its Law on Population and Family Planning to allow couples two children.",Global_2017_03-13,8,13-Mar-17,2017,Global
A new parental leave regulation in Shanghai allows women who give birth to their second child to take 128 days maternity leave and has extended paternity leave from three to 10 days.But extended leave still hasn't kept Chinese fathers willingly at home to raise their own kids.,Global_2017_03-13,9,13-Mar-17,2017,Global
China has a long tradition of expecting women to take full responsibility in child rearing.,Global_2017_03-13,10,13-Mar-17,2017,Global
"Even with the new second children policy, over 53 percent of women said they are not yet willing to give birth to a second child, according to a report released by All China Women's Federation.Among their biggest concerns are the tremendous efforts to take care of children under three, which inhibits career development.",Global_2017_03-13,11,13-Mar-17,2017,Global
"But if more fathers took over such responsibilities, experts believe it will be mutually beneficial to both mothers and children.",Global_2017_03-13,12,13-Mar-17,2017,Global
"""Take the opportunity, stay as much as you can with your children, because it is worth it,"" said Lindahl as a message to Chinese fathers.",Global_2017_03-13,13,13-Mar-17,2017,Global
Selected works from the photography contest will be co-exhibited during the Swedish National Day reception held by the consulate and toured at many public spaces in Shanghai.,Global_2017_03-13,14,13-Mar-17,2017,Global
Participants can submit their work from March 8 to April 30 and follow the consulate's WeChat account for more information.,Global_2017_03-13,15,13-Mar-17,2017,Global